provenance_id,function,classification,code_reuse,source_id,upstream_symbol,source_path,source_commit,authors,declared_license,license_status,conceptual_origin,planned_changes,evidence_ids,audit_status,implementation_status,task,implementation_path
PV_fit_ebmf,fit_ebmf,WRAPPER,call_only,S01,flash,R/flash.R,fd44811ab22d61ee905e1964175571c452fe7683,Jason Willwerscheid; Peter Carbonetto; Wei Wang; Matthew Stephens,BSD_3_clause + file LICENSE,declaration_and_notice_verified,flash,See normative module contract; no upstream source redistributed in this bundle,E001,sources_verified_supported_modes_tested,implemented,T012,R/fit.R
PV_standardize_factors,standardize_factors,ADAPTED,call_only,S01,ldf,R/flash_methods.R,fd44811ab22d61ee905e1964175571c452fe7683,Jason Willwerscheid; Peter Carbonetto; Wei Wang; Matthew Stephens,BSD_3_clause + file LICENSE,declaration_and_notice_verified,ldf,See normative module contract; no upstream source redistributed in this bundle,E002,sources_verified_supported_modes_tested,implemented,T013,R/representation.R
PV_factor_activity,factor_activity,NEW_QOL,none,S01,native means / ldf,R/flash_methods.R,fd44811ab22d61ee905e1964175571c452fe7683,Jason Willwerscheid; Peter Carbonetto; Wei Wang; Matthew Stephens,BSD_3_clause + file LICENSE,declaration_and_notice_verified,native means / ldf,See normative module contract; no upstream source redistributed in this bundle,E002;E003,sources_verified_supported_modes_tested,implemented,T014,R/extract.R
PV_factor_effects,factor_effects,NEW_QOL,none,S01,native means / ldf,R/flash_methods.R,fd44811ab22d61ee905e1964175571c452fe7683,Jason Willwerscheid; Peter Carbonetto; Wei Wang; Matthew Stephens,BSD_3_clause + file LICENSE,declaration_and_notice_verified,native means / ldf,See normative module contract; no upstream source redistributed in this bundle,E002;E003,sources_verified_supported_modes_tested,implemented,T014,R/extract.R
PV_factor_uncertainty,factor_uncertainty,WRAPPER,call_only,S01,native posterior moments / public accessors,R/wrapup.R,fd44811ab22d61ee905e1964175571c452fe7683,Jason Willwerscheid; Peter Carbonetto; Wei Wang; Matthew Stephens,BSD_3_clause + file LICENSE,declaration_and_notice_verified,native posterior moments / public accessors,See normative module contract; no upstream source redistributed in this bundle,E003,sources_verified_supported_modes_tested,implemented,T015,R/extract.R
PV_factor_pve,factor_pve,WRAPPER,none,S01,native pve field,R/wrapup.R,fd44811ab22d61ee905e1964175571c452fe7683,Jason Willwerscheid; Peter Carbonetto; Wei Wang; Matthew Stephens,BSD_3_clause + file LICENSE,declaration_and_notice_verified,native pve field,See normative module contract; no upstream source redistributed in this bundle,E004,sources_verified_supported_modes_tested,implemented,T015,R/extract.R
PV_rank_features,rank_features,ADAPTED,modified,S02,rank_effects,R/rank_effects.R,df62f8d169fcac07cd0cb294a3c15051f573ccd5,Peter Carbonetto; Matthew Stephens,MIT + file LICENSE,declaration_and_holder_verified,rank_effects,Private names and matrix dimension preservation; full MIT notice retained,E009,sources_verified_supported_modes_tested,implemented,T017,R/features.R
PV_factor_distinctiveness,factor_distinctiveness,ADAPTED,modified,S02,compute_le_effects,R/compute_le_effects.R,df62f8d169fcac07cd0cb294a3c15051f573ccd5,Peter Carbonetto; Matthew Stephens,MIT + file LICENSE,declaration_and_holder_verified,compute_le_effects,Private names and matrix dimension preservation; full MIT notice retained,E010,sources_verified_supported_modes_tested,implemented,T017,R/features.R
PV_factor_features,factor_features,NEW_QOL,none,S02,rank_effects; compute_le_effects,R/rank_effects.R,df62f8d169fcac07cd0cb294a3c15051f573ccd5,Peter Carbonetto; Matthew Stephens,MIT + file LICENSE,declaration_and_holder_verified,rank_effects; compute_le_effects,See normative module contract; no upstream source redistributed in this bundle,E009;E010,sources_verified_supported_modes_tested,implemented,T017,R/features.R
PV_plot_factor_features,plot_factor_features,ADAPTED,none,S04,MyGeneTilePlot workflow; native flashier optional,R/flashier_functions.R,4ba5bb9c0bbb1ab1d5a5ac4a6a12eb97badd0902,David Zemmour,MIT + file LICENSE,referenced_root_LICENSE_absent,MyGeneTilePlot workflow; native flashier optional,See normative module contract; no upstream source redistributed in this bundle,E014;E017,sources_verified_supported_modes_tested,implemented,T018,R/plots.R
PV_plot_factor_activity,plot_factor_activity,ADAPTED,none,S04,MyStructurePlot / ImmGenT display workflow,R/flashier_functions.R,4ba5bb9c0bbb1ab1d5a5ac4a6a12eb97badd0902,David Zemmour,MIT + file LICENSE,referenced_root_LICENSE_absent,MyStructurePlot / ImmGenT display workflow,See normative module contract; no upstream source redistributed in this bundle,E014;E016;E017,sources_verified_supported_modes_tested,implemented,T018,R/plots.R
PV_backproject_contrast,backproject_contrast,ADAPTED,none,S04,FlashierDGE reconstruction workflow,R/flashier_functions.R,4ba5bb9c0bbb1ab1d5a5ac4a6a12eb97badd0902,David Zemmour,MIT + file LICENSE,referenced_root_LICENSE_absent,FlashierDGE reconstruction workflow,See normative module contract; no upstream source redistributed in this bundle,E013;E027,sources_verified_supported_modes_tested,implemented,T016,R/backprojection.R
PV_provenance,provenance,NEW_QOL,none,,new registry interface,,,package authors / optional engine authors to verify,not_identified_or_engine_audit_pending,audit_per_engine_before_implementation,new registry interface,See normative module contract; no upstream source redistributed in this bundle,,sources_verified_supported_modes_tested,implemented,T003,R/provenance.R
PV_fit_nonnegative_ebmf,fit_nonnegative_ebmf,ADAPTED,call_only,S02,flashier_nmf workflow; bounded native recipe,R/flash.R,df62f8d169fcac07cd0cb294a3c15051f573ccd5,Peter Carbonetto; Matthew Stephens,MIT + file LICENSE,declaration_and_holder_verified,flashier_nmf workflow; bounded native recipe,See normative module contract; no upstream source redistributed in this bundle,E001;E012,sources_verified_supported_modes_tested,implemented,T020,R/operations.R
PV_refit_factors,refit_factors,WRAPPER,call_only,S01,flash_backfit,R/flash_backfit.R,fd44811ab22d61ee905e1964175571c452fe7683,Jason Willwerscheid; Peter Carbonetto; Wei Wang; Matthew Stephens,BSD_3_clause + file LICENSE,declaration_and_notice_verified,flash_backfit,See normative module contract; no upstream source redistributed in this bundle,E018,sources_verified_supported_modes_tested,implemented,T021,R/operations.R
PV_fix_factors,fix_factors,WRAPPER,call_only,S01,flash_factors_fix; flash_factors_unfix,R/flash_factors_fix.R,fd44811ab22d61ee905e1964175571c452fe7683,Jason Willwerscheid; Peter Carbonetto; Wei Wang; Matthew Stephens,BSD_3_clause + file LICENSE,declaration_and_notice_verified,flash_factors_fix; flash_factors_unfix,See normative module contract; no upstream source redistributed in this bundle,E006,sources_verified_supported_modes_tested,implemented,T021,R/operations.R
PV_remove_factors,remove_factors,WRAPPER,call_only,S01,flash_factors_remove,R/flash_factors_remove.R,fd44811ab22d61ee905e1964175571c452fe7683,Jason Willwerscheid; Peter Carbonetto; Wei Wang; Matthew Stephens,BSD_3_clause + file LICENSE,declaration_and_notice_verified,flash_factors_remove,See normative module contract; no upstream source redistributed in this bundle,E019,sources_verified_supported_modes_tested,implemented,T021,R/operations.R
PV_reorder_factors,reorder_factors,WRAPPER,call_only,S01,flash_factors_reorder,R/flash_factors_reorder.R,fd44811ab22d61ee905e1964175571c452fe7683,Jason Willwerscheid; Peter Carbonetto; Wei Wang; Matthew Stephens,BSD_3_clause + file LICENSE,declaration_and_notice_verified,flash_factors_reorder,See normative module contract; no upstream source redistributed in this bundle,E020,sources_verified_supported_modes_tested,implemented,T021,R/operations.R
PV_factor_intervals,factor_intervals,WRAPPER,call_only,S01,sampler,R/sampler.R,fd44811ab22d61ee905e1964175571c452fe7683,Jason Willwerscheid; Peter Carbonetto; Wei Wang; Matthew Stephens,BSD_3_clause + file LICENSE,declaration_and_notice_verified,sampler,See normative module contract; no upstream source redistributed in this bundle,E005,sources_verified_supported_modes_tested,implemented,T022,R/intervals.R
PV_summarize_factor_activity,summarize_factor_activity,NEW_QOL,none,S05,metadata grouping workflow,topic_analysis_20250320.Rmd,1e60500adb229ee0b98ba038437b6a847be21763,zemmourlab; scripts identify David Zemmour,MIT,full_root_notice_verified,metadata grouping workflow,See normative module contract; no upstream source redistributed in this bundle,E016,sources_verified_supported_modes_tested,implemented,T023,R/metadata.R
PV_rank_factors_by_metadata,rank_factors_by_metadata,ADAPTED,none,S03,ANOVA_factors / stats::lm workflow,code/group_factors.R,6254dc7458d13172992096d62d1ba275c12511a3,Stephens Lab; individual script authors not verified,not_identified_or_engine_audit_pending,no_root_license_identified,ANOVA_factors / stats::lm workflow,See normative module contract; no upstream source redistributed in this bundle,E015,sources_verified_supported_modes_tested,implemented,T023,R/metadata.R
PV_compare_factor_groups,compare_factor_groups,ADAPTED,none,S04,FlashierDGE group contrast workflow,R/flashier_functions.R,4ba5bb9c0bbb1ab1d5a5ac4a6a12eb97badd0902,David Zemmour,MIT + file LICENSE,referenced_root_LICENSE_absent,FlashierDGE group contrast workflow,See normative module contract; no upstream source redistributed in this bundle,E013;E027,sources_verified_supported_modes_tested,implemented,T023,R/metadata.R
PV_validate_backprojection,validate_backprojection,NEW_ORCHESTRATION,none,,new reconstruction diagnostics; no exact upstream function claimed,,,package authors / optional engine authors to verify,not_identified_or_engine_audit_pending,audit_per_engine_before_implementation,new reconstruction diagnostics; no exact upstream function claimed,See normative module contract; no upstream source redistributed in this bundle,,sources_verified_supported_modes_tested,implemented,T024,R/validation.R
PV_test_factors,test_factors,NEW_ORCHESTRATION,call_only,,stats::lm; limma; dream; later brms,,,package authors / optional engine authors to verify,not_identified_or_engine_audit_pending,audit_per_engine_before_implementation,stats::lm; limma; dream; later brms,See normative module contract; no upstream source redistributed in this bundle,,sources_verified_supported_modes_tested,implemented,T031,R/association.R
PV_enrich_factors,enrich_factors,WRAPPER,call_only,S02,perform_gsea; later fgsea/decoupleR adapters,R/gsea.R,df62f8d169fcac07cd0cb294a3c15051f573ccd5,Peter Carbonetto; Matthew Stephens,MIT + file LICENSE,declaration_and_holder_verified,perform_gsea; later fgsea/decoupleR adapters,See normative module contract; no upstream source redistributed in this bundle,E011,sources_verified_supported_modes_tested,implemented,T034,R/enrichment.R
PV_factor_stability,factor_stability,NEW_ORCHESTRATION,call_only,S01,flash refits with existing congruence/assignment APIs,R/flash.R,fd44811ab22d61ee905e1964175571c452fe7683,Jason Willwerscheid; Peter Carbonetto; Wei Wang; Matthew Stephens,BSD_3_clause + file LICENSE,declaration_and_notice_verified,flash refits with existing congruence/assignment APIs,See normative module contract; no upstream source redistributed in this bundle,E001;E006,sources_verified_supported_modes_tested,implemented,T043,R/stability.R
PV_factor_replicability,factor_replicability,NEW_ORCHESTRATION,call_only,,psych::factor.congruence; clue::solve_LSAP (probe pending),,,package authors / optional engine authors to verify,not_identified_or_engine_audit_pending,audit_per_engine_before_implementation,psych::factor.congruence; clue::solve_LSAP (probe pending),See normative module contract; no upstream source redistributed in this bundle,,sources_verified_supported_modes_tested,implemented,T044,R/alignment.R
PV_factor_holdout,factor_holdout,NEW_ORCHESTRATION,call_only,S01,flash_init; flash_factors_init; flash_factors_fix; flash_backfit,R/flash_factors_fix.R,fd44811ab22d61ee905e1964175571c452fe7683,Jason Willwerscheid; Peter Carbonetto; Wei Wang; Matthew Stephens,BSD_3_clause + file LICENSE,declaration_and_notice_verified,flash_init; flash_factors_init; flash_factors_fix; flash_backfit,See normative module contract; no upstream source redistributed in this bundle,E006;E007;E008,sources_verified_supported_modes_tested,implemented,T051,R/holdout.R
PV_shrink_factor_effects,shrink_factor_effects,WRAPPER,call_only,,mashr public API (implementation audit pending),,,package authors / optional engine authors to verify,not_identified_or_engine_audit_pending,audit_per_engine_before_implementation,mashr public API (implementation audit pending),See normative module contract; no upstream source redistributed in this bundle,,sources_verified_supported_modes_tested,implemented,T081,R/shrinkage.R
PV_factor_cor,factor_cor,WRAPPER,call_only,,stats::cor; CorShrink entrypoints pending audit,,,package authors / optional engine authors to verify,not_identified_or_engine_audit_pending,audit_per_engine_before_implementation,stats::cor; CorShrink entrypoints pending audit,See normative module contract; no upstream source redistributed in this bundle,,sources_verified_supported_modes_tested,implemented,T082,R/correlation.R
PV_add_factors_to_seurat,add_factors_to_seurat,ADAPTED,call_only,S05,CreateDimReducObject workflow; AddLatentData conceptual context,topic_analysis.Rmd,1e60500adb229ee0b98ba038437b6a847be21763,zemmourlab; scripts identify David Zemmour,MIT,full_root_notice_verified,CreateDimReducObject workflow; AddLatentData conceptual context,See normative module contract; no upstream source redistributed in this bundle,E021,sources_verified_supported_modes_tested,implemented,T091,R/seurat.R
PV_embed_factors,embed_factors,WRAPPER,call_only,S05,Seurat/uwot public embedding APIs,topic_analysis.Rmd,1e60500adb229ee0b98ba038437b6a847be21763,zemmourlab; scripts identify David Zemmour,MIT,full_root_notice_verified,Seurat/uwot public embedding APIs,See normative module contract; no upstream source redistributed in this bundle,E021,sources_verified_supported_modes_tested,implemented,T092,R/seurat.R
PV_plot_factor_embedding,plot_factor_embedding,NEW_QOL,call_only,S05,factor-space activity display workflow,topic_analysis.Rmd,1e60500adb229ee0b98ba038437b6a847be21763,zemmourlab; scripts identify David Zemmour,MIT,full_root_notice_verified,factor-space activity display workflow,See normative module contract; no upstream source redistributed in this bundle,E021,sources_verified_supported_modes_tested,implemented,T092,R/seurat.R
PV_factor_activity_percentile,factor_activity_percentile,ADAPTED,call_only,S05,stats::ecdf display workflow,topic_analysis.Rmd,1e60500adb229ee0b98ba038437b6a847be21763,zemmourlab; scripts identify David Zemmour,MIT,full_root_notice_verified,stats::ecdf display workflow,See normative module contract; no upstream source redistributed in this bundle,E021,sources_verified_supported_modes_tested,implemented,T093,R/seurat.R
